{"cameraMode":{"drawMode":0,"name":"Shaded","section":"Shading Mode"},"sceneLighting":true,"audioPlay":false,"sceneViewState":{"showFog":true,"showMaterialUpdate":true,"showSkybox":true,"showFlares":true,"showImageEffects":true,"showParticleSystems":true},"in2DMode":false,"pivot":{"x":4.1134233474731449,"y":0.9823312759399414,"z":-0.5780611038208008},"rotation":{"x":0.05869944021105766,"y":-0.9112669825553894,"z":0.38292843103408816,"w":0.13968829810619355},"size":12.154233932495118,"orthographic":false}